2026-00001 | Dref Agiswek | M | CSE | 1979-6-1 | adref@gmailcom
2026-00002 | FRED KWESIGA | M | CSE | 1966-1-1 | fredkwesiga9@gmail.com
2026-00003 | LOUIS LANE | F | Electronics | 1972-7-8 | lane@gmail.com
ID: 2026-00004 | HELLO WORLD | M | Civil | 1966-05-05 | world@gmail.com
ID: 2026-00004 | ZERINDA MUTHWA | F | Mechanical | 1989-12-01 | zerinda@gmail.com
ID: 2026-00004 | MOSES MUKISA | M | Civil | 1986-07-14 | mukisa@gmail.com
ID: 2026-00004 | CHRIS KAWESA | M | Electrical | 1972-12-31 | christest@gmail.com
2026-00008,OTI,ISAAC,M,Electrical,1972-06-06,oti@gmail.com
ID: 2026-00009 | SHALUAH  NAMUGERWA | F | Civil | 07-07-2008 | shal@gmail.com
2026-00009,SHALUAH,NAMUGERWA,F,Civil,07-07-2008,shal@gmail.com
ID: 2026-00011 | LOUIS  LANE | F | CSE | 06-08-1992 | lane@gmail.com
2026-00011,LOUIS,LANE,F,CSE,06-08-1992,lane@gmail.com
2026-00013,TEST,TESTING,M,CSE,08-08-1973,test@gmail.com
2026-00014,TREVOR,NOAH,M,Mechanical,1970-03-04,noah@gmail.com
2026-00015,MEYA,BANANA,F,Civil,1978-06-05,meya@gmail.com
2026-00016,MAGGIE,KIGOZI,F,Electronics,1968-05-07,maggie@gmail.com
ID:2026-00017,DONALD,TRUMP,M,Mechanical,1970-05-05,ice@gmail.com
